date_time,maxtempC,mintempC,totalSnow_cm,sunHour,uvIndex,moon_illumination,moonrise,moonset,sunrise,sunset,DewPointC,FeelsLikeC,HeatIndexC,WindChillC,WindGustKmph,cloudcover,humidity,precipMM,pressure,tempC,visibility,winddirDegree,windspeedKmph,location
2013-08-14,29,9,0.0,11.6,5,51,02:38 PM,No moonset,06:15 AM,08:18 PM,11,19,19,19,9,14,68,0.0,1015,29,8,239,6,97401
2013-08-15,24,12,0.0,10.5,5,58,03:43 PM,12:26 AM,06:16 AM,08:16 PM,15,18,19,18,6,45,83,0.1,1015,24,8,231,4,97401
2013-08-16,26,10,0.0,9.3,5,65,04:43 PM,01:21 AM,06:17 AM,08:14 PM,15,19,19,19,8,58,81,0.0,1016,26,7,291,5,97401
2013-08-17,27,9,0.0,10.4,5,73,05:37 PM,02:23 AM,06:18 AM,08:13 PM,13,18,19,18,9,43,75,0.0,1018,27,7,274,6,97401
2013-08-18,28,9,0.0,11.6,5,80,06:23 PM,03:33 AM,06:20 AM,08:11 PM,13,19,19,19,8,29,74,0.0,1019,28,8,328,5,97401
2013-08-19,28,10,0.0,11.6,5,87,07:04 PM,04:46 AM,06:21 AM,08:10 PM,13,20,20,20,12,1,70,0.0,1018,28,7,295,7,97401
2013-08-20,28,12,0.0,11.6,5,94,07:41 PM,06:01 AM,06:22 AM,08:08 PM,9,18,18,18,15,37,63,0.0,1017,28,8,136,10,97401
2013-08-21,30,9,0.0,11.6,5,100,08:13 PM,07:15 AM,06:23 AM,08:06 PM,8,19,19,19,12,17,57,0.0,1014,30,10,229,7,97401
2013-08-22,26,12,0.0,11.6,5,100,08:45 PM,08:27 AM,06:24 AM,08:05 PM,11,19,19,19,9,41,65,0.3,1013,26,10,223,6,97401
2013-08-23,23,9,0.0,11.6,5,84,09:16 PM,09:37 AM,06:25 AM,08:03 PM,11,16,16,16,10,32,79,0.0,1013,23,6,247,6,97401
2013-08-24,24,7,0.0,11.6,5,77,09:48 PM,10:44 AM,06:26 AM,08:02 PM,11,16,16,16,7,47,77,0.0,1012,24,7,278,4,97401
2013-08-25,19,10,0.0,9.2,3,69,10:21 PM,11:49 AM,06:28 AM,08:00 PM,12,14,13,14,6,68,92,0.3,1013,19,4,245,4,97401
2013-08-26,26,8,0.0,9.1,5,62,10:57 PM,12:51 PM,06:29 AM,07:58 PM,10,16,17,16,11,66,73,0.1,1014,26,8,215,7,97401
2013-08-27,28,8,0.0,11.6,5,55,11:38 PM,01:49 PM,06:30 AM,07:57 PM,12,19,19,19,7,27,70,0.0,1012,28,10,216,5,97401
2013-08-28,27,10,0.0,11.6,5,47,No moonrise,02:43 PM,06:31 AM,07:55 PM,14,19,19,19,8,47,76,0.1,1012,27,8,264,5,97401
2013-08-29,23,14,0.0,10.4,5,40,12:22 AM,03:33 PM,06:32 AM,07:53 PM,16,18,19,18,10,59,90,0.9,1015,23,6,174,7,97401
2013-08-30,27,12,0.0,9.1,5,33,01:10 AM,04:17 PM,06:33 AM,07:51 PM,15,20,20,20,7,56,79,0.1,1019,27,6,242,4,97401
2013-08-31,30,9,0.0,11.6,5,29,02:03 AM,04:57 PM,06:34 AM,07:50 PM,13,19,19,19,7,2,73,0.0,1014,30,7,300,5,97401
2013-09-01,27,10,0.0,11.6,5,12,02:58 AM,05:33 PM,06:36 AM,07:48 PM,12,18,18,18,10,21,76,0.0,1012,27,7,259,6,97401
2013-09-02,24,11,0.0,11.6,5,4,03:57 AM,06:05 PM,06:37 AM,07:46 PM,13,18,18,18,10,48,76,0.4,1012,24,8,232,6,97401
2013-09-03,26,10,0.0,11.6,5,0,04:57 AM,06:35 PM,06:38 AM,07:44 PM,12,18,18,18,7,51,75,0.0,1015,26,9,281,5,97401
2013-09-04,23,8,0.0,7.8,4,0,05:58 AM,07:03 PM,06:39 AM,07:43 PM,12,15,16,15,5,72,80,0.3,1017,23,7,271,4,97401
2013-09-05,17,11,0.0,6.5,3,0,07:01 AM,07:32 PM,06:40 AM,07:41 PM,13,14,14,14,11,83,93,0.0,1017,17,5,234,8,97401
2013-09-06,23,9,0.0,10.3,5,3,08:04 AM,08:00 PM,06:41 AM,07:39 PM,12,16,16,16,11,69,83,2.9,1020,23,7,210,8,97401
2013-09-07,27,8,0.0,11.6,5,11,09:10 AM,08:30 PM,06:43 AM,07:37 PM,11,17,17,17,10,26,71,0.0,1016,27,8,137,6,97401
2013-09-08,28,10,0.0,11.6,5,18,10:16 AM,09:04 PM,06:44 AM,07:35 PM,13,19,19,19,13,0,69,0.0,1016,28,9,96,8,97401
2013-09-09,28,12,0.0,11.6,5,26,11:24 AM,09:42 PM,06:45 AM,07:33 PM,14,20,20,20,12,2,72,0.0,1015,28,9,102,8,97401
2013-09-10,34,12,0.0,11.6,6,34,12:30 PM,10:25 PM,06:46 AM,07:32 PM,14,22,22,22,10,0,65,0.0,1012,34,9,164,6,97401
2013-09-11,30,11,0.0,11.6,5,41,01:35 PM,11:17 PM,06:47 AM,07:30 PM,14,21,21,21,8,13,73,0.0,1014,30,8,216,6,97401
2013-09-12,26,11,0.0,11.6,5,49,02:35 PM,No moonset,06:48 AM,07:28 PM,14,18,18,18,7,30,80,0.0,1015,26,7,277,5,97401
2013-09-13,27,8,0.0,11.6,5,56,03:30 PM,12:15 AM,06:49 AM,07:26 PM,13,18,18,18,6,17,77,0.0,1013,27,8,313,4,97401
2013-09-14,28,8,0.0,11.6,5,64,04:17 PM,01:20 AM,06:51 AM,07:24 PM,12,18,18,18,8,0,73,0.0,1009,28,7,221,5,97401
2013-09-15,19,10,0.0,7.7,3,71,04:59 PM,02:29 AM,06:52 AM,07:22 PM,12,14,14,14,8,80,88,0.0,1009,19,5,262,5,97401
2013-09-16,23,11,0.0,11.6,5,79,05:37 PM,03:41 AM,06:53 AM,07:20 PM,11,15,16,15,8,64,80,0.0,1014,23,6,251,5,97401
2013-09-17,16,9,0.0,7.6,3,86,06:10 PM,04:53 AM,06:54 AM,07:19 PM,12,13,13,13,10,91,92,1.4,1013,16,6,285,6,97401
2013-09-18,22,7,0.0,11.6,4,94,06:42 PM,06:05 AM,06:55 AM,07:17 PM,9,14,14,14,8,39,78,0.0,1017,22,7,138,5,97401
2013-09-19,26,6,0.0,11.6,4,100,07:13 PM,07:15 AM,06:56 AM,07:15 PM,6,14,15,14,7,3,64,0.0,1012,26,10,209,5,97401
2013-09-20,21,5,0.0,8.9,4,100,07:45 PM,08:24 AM,06:58 AM,07:13 PM,10,13,14,13,10,45,82,0.1,1006,21,6,198,6,97401
2013-09-21,17,9,0.0,7.6,4,83,08:18 PM,09:31 AM,06:59 AM,07:11 PM,11,12,12,12,9,79,90,0.3,1007,17,6,181,6,97401
2013-09-22,12,10,0.0,6.0,3,76,08:54 PM,10:35 AM,07:00 AM,07:09 PM,11,11,11,11,15,100,99,1.1,1010,12,2,178,9,97401
2013-09-23,15,10,0.0,7.4,3,68,09:33 PM,11:36 AM,07:01 AM,07:07 PM,12,12,12,12,10,90,95,0.3,1015,15,4,180,6,97401
2013-09-24,14,8,0.0,6.0,3,61,10:16 PM,12:32 PM,07:02 AM,07:05 PM,10,11,11,11,9,96,96,1.4,1014,14,4,222,6,97401
2013-09-25,13,3,0.0,6.0,2,53,11:03 PM,01:24 PM,07:03 AM,07:04 PM,7,9,9,9,7,89,91,0.5,1014,13,5,219,4,97401
2013-09-26,16,3,0.0,11.6,3,46,11:54 PM,02:11 PM,07:05 AM,07:02 PM,6,9,9,9,7,41,82,0.1,1019,16,5,213,4,97401
2013-09-27,10,5,0.0,6.0,2,38,No moonrise,02:53 PM,07:06 AM,07:00 PM,8,7,8,7,16,71,96,2.4,1020,10,6,165,9,97401
2013-09-28,14,11,0.0,5.8,3,31,12:49 AM,03:30 PM,07:07 AM,06:58 PM,12,11,12,11,20,100,98,4.3,1008,14,6,178,11,97401
2013-09-29,13,11,0.0,5.7,3,23,01:46 AM,04:04 PM,07:08 AM,06:56 PM,11,11,12,11,19,96,98,8.5,1005,13,5,182,11,97401
2013-09-30,12,7,0.0,7.2,2,16,02:44 AM,04:34 PM,07:09 AM,06:54 PM,9,8,9,8,21,91,97,0.3,1014,12,5,184,12,97401
2013-10-01,12,3,0.0,7.2,2,15,03:45 AM,05:04 PM,07:11 AM,06:52 PM,7,8,8,8,11,70,93,0.1,1020,12,4,186,7,97401
2013-10-02,13,1,0.0,10.1,2,8,04:47 AM,05:32 PM,07:12 AM,06:51 PM,5,6,7,6,10,51,88,1.6,1021,13,7,178,6,97401
2013-10-03,14,2,0.0,11.4,3,0,05:51 AM,06:01 PM,07:13 AM,06:49 PM,4,6,7,6,10,34,83,0.2,1028,14,8,142,6,97401
2013-10-04,19,1,0.0,11.3,3,0,06:56 AM,06:31 PM,07:14 AM,06:47 PM,2,9,9,9,11,4,66,0.0,1029,19,10,140,6,97401
2013-10-05,22,3,0.0,11.3,4,0,08:03 AM,07:04 PM,07:15 AM,06:45 PM,3,10,11,10,10,17,61,0.0,1023,22,10,186,6,97401
2013-10-06,23,6,0.0,11.3,4,7,09:12 AM,07:41 PM,07:17 AM,06:43 PM,4,12,13,12,12,2,61,0.0,1018,23,10,192,7,97401
2013-10-07,14,4,0.0,11.2,3,14,10:20 AM,08:24 PM,07:18 AM,06:41 PM,8,9,10,9,12,56,87,0.1,1019,14,7,222,8,97401
2013-10-08,13,2,0.0,7.1,2,21,11:28 AM,09:14 PM,07:19 AM,06:40 PM,7,7,8,7,8,88,95,0.6,1019,13,3,215,5,97401
2013-10-09,14,2,0.0,11.2,3,28,12:30 PM,10:10 PM,07:20 AM,06:38 PM,4,6,7,6,11,56,83,0.0,1017,14,6,151,7,97401
2013-10-10,17,-0,0.0,8.6,2,36,01:26 PM,11:13 PM,07:21 AM,06:36 PM,5,9,9,9,5,45,82,0.0,1016,17,5,219,3,97401
2013-10-11,14,3,0.0,11.1,3,43,02:15 PM,No moonset,07:23 AM,06:34 PM,6,9,9,9,6,58,86,0.1,1020,14,5,253,4,97401
2013-10-12,13,2,0.0,8.6,2,50,02:58 PM,12:20 AM,07:24 AM,06:33 PM,5,6,7,6,7,53,90,1.0,1020,13,4,153,4,97401
2013-10-13,15,2,0.0,11.1,3,58,03:36 PM,01:30 AM,07:25 AM,06:31 PM,4,7,8,7,11,4,78,0.0,1024,15,8,166,7,97401
2013-10-14,18,3,0.0,11.0,3,65,04:10 PM,02:40 AM,07:26 AM,06:29 PM,3,9,10,9,14,0,69,0.0,1026,18,9,174,8,97401
2013-10-15,19,2,0.0,11.0,3,72,04:41 PM,03:50 AM,07:28 AM,06:28 PM,3,9,10,9,12,7,67,0.0,1024,19,10,140,6,97401
2013-10-16,19,4,0.0,11.0,3,79,05:12 PM,04:59 AM,07:29 AM,06:26 PM,3,10,10,10,8,7,66,0.0,1020,19,10,160,4,97401
2013-10-17,18,3,0.0,10.9,3,87,05:43 PM,06:07 AM,07:30 AM,06:24 PM,5,10,10,10,10,0,73,0.0,1021,18,10,164,6,97401
2013-10-18,22,3,0.0,10.9,4,94,06:15 PM,07:14 AM,07:32 AM,06:23 PM,4,11,11,11,10,7,66,0.0,1020,22,10,173,5,97401
2013-10-19,21,4,0.0,10.9,3,100,06:50 PM,08:18 AM,07:33 AM,06:21 PM,6,12,12,12,6,1,70,0.0,1019,21,10,170,3,97401
2013-10-20,19,2,0.0,10.9,3,100,07:28 PM,09:21 AM,07:34 AM,06:19 PM,3,10,10,10,8,0,69,0.0,1019,19,10,144,5,97401
2013-10-21,24,4,0.0,10.8,4,84,08:10 PM,10:20 AM,07:35 AM,06:18 PM,6,13,13,13,10,5,67,0.0,1017,24,10,104,5,97401
2013-10-22,22,5,0.0,10.8,4,77,08:56 PM,11:15 AM,07:37 AM,06:16 PM,6,12,12,12,8,12,71,0.0,1017,22,10,237,5,97401
2013-10-23,22,6,0.0,10.8,4,70,09:46 PM,12:04 PM,07:38 AM,06:15 PM,8,13,13,13,6,0,78,0.0,1016,22,10,269,4,97401
2013-10-24,20,4,0.0,10.7,3,62,10:38 PM,12:48 PM,07:39 AM,06:13 PM,6,11,11,11,5,0,75,0.0,1017,20,10,278,3,97401
2013-10-25,18,3,0.0,10.7,3,55,11:34 PM,01:27 PM,07:40 AM,06:12 PM,5,9,9,9,7,5,79,0.0,1022,18,9,160,4,97401
2013-10-26,17,2,0.0,10.7,3,48,No moonrise,02:02 PM,07:42 AM,06:10 PM,5,9,9,9,8,2,78,0.0,1022,17,10,219,5,97401
2013-10-27,10,-1,0.0,5.3,1,41,12:31 AM,02:33 PM,07:43 AM,06:09 PM,4,5,5,5,8,58,94,0.0,1015,10,6,252,5,97401
2013-10-28,12,1,0.0,10.6,3,33,01:31 AM,03:03 PM,07:44 AM,06:07 PM,-0,4,6,4,14,29,71,0.0,1011,12,7,85,8,97401
2013-10-29,13,-1,0.0,10.6,2,26,02:31 AM,03:31 PM,07:46 AM,06:06 PM,-2,4,5,4,9,2,65,0.0,1016,13,10,179,5,97401
2013-10-30,14,-1,0.0,10.6,3,19,03:34 AM,03:59 PM,07:47 AM,06:04 PM,-0,5,6,5,8,21,69,0.0,1021,14,10,192,4,97401
2013-10-31,10,7,0.0,5.3,2,15,04:37 AM,04:28 PM,07:48 AM,06:03 PM,4,9,9,9,10,89,75,1.6,1024,10,9,147,5,97401
2013-11-01,17,4,0.0,10.5,3,0,05:44 AM,05:00 PM,07:50 AM,06:02 PM,7,10,10,10,8,24,83,0.0,1020,17,7,163,4,97401
2013-11-02,11,4,0.0,8.4,2,0,06:53 AM,05:36 PM,07:51 AM,06:00 PM,7,6,8,6,20,62,90,0.5,1017,11,7,218,12,97401
2013-11-03,8,3,0.0,3.8,2,0,08:03 AM,06:17 PM,07:52 AM,05:59 PM,5,4,5,4,12,95,98,0.6,1022,8,3,195,7,97401
2013-11-04,7,4,0.0,3.8,2,3,09:13 AM,07:05 PM,07:54 AM,05:58 PM,5,4,6,4,12,97,96,0.6,1022,7,2,161,7,97401
2013-11-05,9,6,0.0,3.8,2,10,10:19 AM,08:01 PM,07:55 AM,05:57 PM,7,6,8,6,14,100,96,2.5,1023,9,4,169,8,97401
2013-11-06,12,9,0.0,3.7,3,18,11:20 AM,09:04 PM,07:56 AM,05:55 PM,10,10,11,10,10,98,95,1.9,1024,12,4,164,6,97401
2013-11-07,11,7,0.0,3.7,2,26,12:13 PM,10:11 PM,07:57 AM,05:54 PM,9,8,9,8,18,94,96,1.6,1018,11,4,193,11,97401
2013-11-08,12,3,0.0,7.0,3,33,12:58 PM,11:22 PM,07:59 AM,05:53 PM,6,7,7,7,9,68,89,0.1,1022,12,6,131,6,97401
2013-11-09,14,2,0.0,8.7,3,41,01:38 PM,No moonset,08:00 AM,05:52 PM,2,7,7,7,6,35,75,0.0,1018,14,9,169,3,97401
2013-11-10,17,4,0.0,8.7,3,48,02:12 PM,12:31 AM,08:01 AM,05:51 PM,5,8,9,8,7,21,78,0.0,1017,17,10,139,4,97401
2013-11-11,19,4,0.0,8.7,3,56,02:44 PM,01:41 AM,08:03 AM,05:50 PM,5,10,10,10,7,13,73,0.0,1019,19,10,83,4,97401
2013-11-12,11,9,0.0,3.5,2,63,03:15 PM,02:49 AM,08:04 AM,05:49 PM,8,9,10,9,10,91,87,1.0,1025,11,9,175,5,97401
2013-11-13,14,3,0.0,7.0,3,71,03:45 PM,03:56 AM,08:05 AM,05:48 PM,6,7,8,7,8,45,88,0.0,1029,14,7,115,5,97401
2013-11-14,11,-1,0.0,5.3,2,78,04:15 PM,05:02 AM,08:07 AM,05:47 PM,3,5,5,5,6,65,88,0.2,1022,11,6,219,4,97401
2013-11-15,9,2,0.0,3.5,2,86,04:48 PM,06:06 AM,08:08 AM,05:46 PM,5,4,6,4,12,94,93,0.0,1015,9,7,149,8,97401
2013-11-16,9,6,0.0,3.5,2,93,05:25 PM,07:09 AM,08:09 AM,05:45 PM,7,5,7,5,15,92,95,2.2,1008,9,6,223,10,97401
2013-11-17,9,5,0.0,5.2,2,100,06:05 PM,08:09 AM,08:10 AM,05:44 PM,6,5,7,5,17,90,93,0.1,1016,9,7,173,10,97401
2013-11-18,9,5,0.0,3.5,2,100,06:49 PM,09:05 AM,08:12 AM,05:43 PM,5,5,7,5,18,87,87,0.2,1013,9,7,163,10,97401
2013-11-19,9,7,0.0,3.5,2,84,07:37 PM,09:57 AM,08:13 AM,05:42 PM,8,7,8,7,14,98,97,7.3,1010,9,5,228,8,97401
2013-11-20,7,-3,0.0,7.0,2,76,08:29 PM,10:43 AM,08:14 AM,05:41 PM,-1,-1,2,-1,17,44,81,0.2,1021,7,7,69,10,97401
2013-11-21,8,-4,0.0,8.7,2,69,09:24 PM,11:25 AM,08:16 AM,05:41 PM,-12,-2,1,-2,16,0,42,0.0,1032,8,10,48,9,97401
2013-11-22,12,-2,0.0,8.7,2,61,10:20 PM,12:01 PM,08:17 AM,05:40 PM,-9,0,3,0,18,1,42,0.0,1032,12,10,70,10,97401
2013-11-23,14,-1,0.0,8.7,2,54,11:19 PM,12:33 PM,08:18 AM,05:39 PM,-4,2,4,2,16,5,57,0.0,1025,14,10,75,8,97401
2013-11-24,13,-1,0.0,8.7,2,46,No moonrise,01:03 PM,08:19 AM,05:39 PM,-2,3,4,3,8,6,68,0.0,1022,13,10,159,4,97401
2013-11-25,13,-1,0.0,8.7,2,39,12:17 AM,01:31 PM,08:20 AM,05:38 PM,-1,4,4,4,6,14,73,0.0,1025,13,10,157,3,97401
2013-11-26,13,0,0.0,8.7,2,31,01:18 AM,01:59 PM,08:22 AM,05:38 PM,-2,4,5,4,9,29,66,0.0,1022,13,10,137,5,97401
2013-11-27,14,0,0.0,8.7,3,24,02:19 AM,02:26 PM,08:23 AM,05:37 PM,1,5,6,5,10,24,73,0.0,1015,14,10,111,5,97401
2013-11-28,13,-0,0.0,8.7,2,16,03:23 AM,02:56 PM,08:24 AM,05:37 PM,1,5,5,5,9,27,76,0.0,1018,13,10,136,5,97401
2013-11-29,10,-1,0.0,8.7,2,8,04:29 AM,03:30 PM,08:25 AM,05:36 PM,-1,4,4,4,6,35,70,0.1,1025,10,10,193,3,97401
2013-11-30,12,-0,0.0,8.7,2,1,05:39 AM,04:07 PM,08:26 AM,05:36 PM,3,5,5,5,7,43,85,0.0,1028,12,10,206,4,97401
2013-12-01,11,7,0.0,3.4,2,1,06:49 AM,04:52 PM,08:27 AM,05:35 PM,9,7,9,7,24,100,96,0.0,1023,11,9,185,14,97401
2013-12-02,11,0,0.0,3.4,2,0,07:58 AM,05:45 PM,08:29 AM,05:35 PM,5,4,6,4,16,90,93,5.4,1017,11,8,251,11,97401
2013-12-03,5,-4,0.0,8.7,2,0,09:04 AM,06:46 PM,08:30 AM,05:35 PM,-0,-1,1,-1,11,43,91,1.1,1021,5,8,82,6,97401
2013-12-04,3,-4,0.0,8.7,2,6,10:03 AM,07:54 PM,08:31 AM,05:35 PM,-11,-4,-2,-4,12,0,52,0.0,1026,3,10,89,7,97401
2013-12-05,2,-7,0.0,8.7,2,13,10:53 AM,09:06 PM,08:32 AM,05:34 PM,-14,-5,-4,-5,7,20,45,0.0,1024,2,10,88,4,97401
2013-12-06,1,-8,2.2,3.4,1,21,11:37 AM,10:19 PM,08:33 AM,05:34 PM,-7,-6,-3,-6,12,71,79,2.6,1017,1,8,73,7,97401
2013-12-07,-4,-13,0.0,8.7,2,28,12:14 PM,11:31 PM,08:34 AM,05:34 PM,-10,-12,-8,-12,13,23,85,0.1,1026,-4,8,45,8,97401
2013-12-08,-4,-16,0.0,8.7,2,35,12:48 PM,No moonset,08:35 AM,05:34 PM,-13,-13,-10,-13,9,3,81,0.0,1032,-4,10,137,5,97401
2013-12-09,-0,-15,0.0,8.7,2,43,01:19 PM,12:41 AM,08:36 AM,05:34 PM,-10,-10,-9,-10,6,4,86,0.0,1034,-0,9,133,3,97401
2013-12-10,3,-11,0.0,5.1,2,50,01:49 PM,01:49 AM,08:36 AM,05:34 PM,-6,-6,-4,-6,7,31,89,0.0,1031,3,9,55,4,97401
2013-12-11,7,-5,0.0,8.7,2,57,02:19 PM,02:55 AM,08:37 AM,05:34 PM,-2,-2,-1,-2,9,5,92,0.0,1026,7,8,93,5,97401
2013-12-12,6,-4,0.0,6.9,2,64,02:51 PM,03:59 AM,08:38 AM,05:34 PM,0,-1,1,-1,16,48,91,1.1,1023,6,9,172,8,97401
2013-12-13,8,-5,0.0,5.1,1,72,03:25 PM,05:01 AM,08:39 AM,05:34 PM,2,1,2,1,10,71,97,0.2,1028,8,2,125,5,97401
2013-12-14,7,-4,0.0,8.7,2,79,04:03 PM,06:01 AM,08:40 AM,05:35 PM,-0,-0,1,-0,7,34,93,0.0,1031,7,6,203,4,97401
2013-12-15,8,-4,0.0,5.1,1,86,04:45 PM,06:59 AM,08:40 AM,05:35 PM,-0,1,2,1,7,29,88,0.0,1031,8,10,221,3,97401
2013-12-16,10,-0,0.0,8.7,2,93,05:32 PM,07:52 AM,08:41 AM,05:35 PM,1,2,4,2,10,3,84,0.0,1028,10,10,34,5,97401
2013-12-17,10,-2,0.0,8.7,2,100,06:22 PM,08:40 AM,08:42 AM,05:36 PM,-2,2,3,2,7,9,76,0.0,1023,10,10,200,4,97401
2013-12-18,6,1,0.0,3.4,1,100,07:16 PM,09:23 AM,08:42 AM,05:36 PM,-1,2,3,2,7,83,78,0.0,1019,6,8,172,4,97401
2013-12-19,3,-4,0.1,8.7,2,85,08:12 PM,10:01 AM,08:43 AM,05:36 PM,-2,-2,-0,-2,7,42,90,0.1,1024,3,6,193,5,97401
2013-12-20,6,-4,0.0,3.3,1,77,09:10 PM,10:35 AM,08:44 AM,05:37 PM,-0,-0,2,-0,15,79,84,0.1,1019,6,8,171,9,97401
2013-12-21,8,6,0.0,3.3,2,70,10:08 PM,11:06 AM,08:44 AM,05:37 PM,7,6,7,6,11,100,99,0.4,1021,8,0,214,6,97401
2013-12-22,10,4,0.0,5.1,2,63,11:07 PM,11:34 AM,08:45 AM,05:38 PM,6,5,6,5,11,90,96,0.2,1027,10,2,182,6,97401
2013-12-23,8,3,0.0,3.3,2,56,No moonrise,12:01 PM,08:45 AM,05:38 PM,6,6,7,6,12,97,98,0.1,1030,8,1,211,6,97401
2013-12-24,7,-1,0.0,8.7,2,48,12:06 AM,12:28 PM,08:46 AM,05:39 PM,2,2,4,2,11,40,91,0.1,1033,7,7,120,6,97401
2013-12-25,11,-2,0.0,8.7,2,41,01:08 AM,12:56 PM,08:46 AM,05:40 PM,-2,2,3,2,8,28,70,0.0,1029,11,10,125,4,97401
2013-12-26,12,-0,0.0,8.7,2,34,02:11 AM,01:27 PM,08:46 AM,05:40 PM,-1,4,5,4,7,2,71,0.0,1025,12,10,96,4,97401
2013-12-27,9,-1,0.0,8.7,2,27,03:17 AM,02:00 PM,08:46 AM,05:41 PM,-2,2,3,2,11,20,69,0.0,1024,9,10,162,6,97401
2013-12-28,7,-3,0.0,8.7,2,19,04:24 AM,02:40 PM,08:47 AM,05:42 PM,-1,-1,1,-1,12,10,84,0.0,1031,7,7,153,6,97401
2013-12-29,9,-2,0.0,5.1,2,12,05:33 AM,03:28 PM,08:47 AM,05:43 PM,-3,1,2,1,9,25,71,0.0,1027,9,10,88,4,97401
2013-12-30,10,-0,0.0,8.7,2,5,06:40 AM,04:23 PM,08:47 AM,05:43 PM,-2,3,4,3,8,47,67,0.0,1023,10,10,138,4,97401
2013-12-31,11,0,0.0,8.7,2,1,07:44 AM,05:28 PM,08:47 AM,05:44 PM,1,5,5,5,6,38,78,0.0,1026,11,10,195,3,97401
2014-01-01,11,-0,0.0,8.7,2,0,08:40 AM,06:40 PM,08:47 AM,05:45 PM,1,3,4,3,8,18,83,0.0,1026,11,10,44,4,97401
2014-01-02,13,0,0.0,8.7,3,2,09:29 AM,07:55 PM,08:47 AM,05:46 PM,2,4,5,4,12,21,78,0.0,1022,13,10,171,6,97401
2014-01-03,8,-2,0.0,6.9,2,10,10:10 AM,09:11 PM,08:47 AM,05:47 PM,3,3,4,3,10,37,93,0.3,1023,8,8,144,5,97401
2014-01-04,8,-2,0.0,8.7,2,17,10:47 AM,10:24 PM,08:47 AM,05:48 PM,-5,-0,2,-0,15,0,66,0.0,1028,8,10,51,8,97401
2014-01-05,13,-0,0.0,8.7,2,24,11:21 AM,11:36 PM,08:47 AM,05:49 PM,-7,2,4,2,17,0,46,0.0,1027,13,10,81,8,97401
2014-01-06,12,1,0.0,8.7,2,31,11:52 AM,No moonset,08:47 AM,05:50 PM,-2,4,5,4,11,50,62,0.0,1023,12,10,178,5,97401
2014-01-07,7,3,0.0,5.2,3,39,12:22 PM,12:44 AM,08:47 AM,05:51 PM,4,4,5,4,15,83,91,0.1,1019,7,6,165,8,97401
2014-01-08,9,6,0.0,3.4,2,46,12:54 PM,01:51 AM,08:47 AM,05:52 PM,7,5,7,5,19,96,97,1.3,1017,9,5,184,11,97401
2014-01-09,7,4,0.0,3.4,2,53,01:28 PM,02:54 AM,08:46 AM,05:53 PM,5,3,5,3,20,100,99,0.3,1020,7,4,186,11,97401
2014-01-10,8,6,0.0,3.4,2,61,02:04 PM,03:55 AM,08:46 AM,05:54 PM,6,5,7,5,19,94,96,0.0,1020,8,4,173,10,97401
2014-01-11,8,5,0.0,6.9,2,68,02:44 PM,04:53 AM,08:46 AM,05:55 PM,6,4,7,4,31,76,95,1.1,1011,8,8,208,19,97401
2014-01-12,8,3,0.0,3.4,2,75,03:29 PM,05:47 AM,08:45 AM,05:56 PM,6,3,6,3,18,99,100,2.2,1027,8,4,201,10,97401
2014-01-13,11,1,0.0,8.7,3,82,04:17 PM,06:37 AM,08:45 AM,05:58 PM,6,6,7,6,9,41,93,0.1,1037,11,5,180,5,97401
2014-01-14,12,-1,0.0,8.7,2,90,05:10 PM,07:22 AM,08:44 AM,05:59 PM,1,4,5,4,9,28,77,0.0,1036,12,10,56,5,97401
2014-01-15,13,-1,0.0,9.6,2,97,06:05 PM,08:02 AM,08:44 AM,06:00 PM,-5,4,4,4,9,22,54,0.0,1032,13,10,39,4,97401
2014-01-16,13,-2,0.0,9.6,2,100,07:02 PM,08:37 AM,08:43 AM,06:01 PM,-5,3,4,3,12,0,54,0.0,1028,13,10,60,6,97401
2014-01-17,15,0,0.0,9.6,2,89,08:01 PM,09:09 AM,08:43 AM,06:02 PM,-2,3,5,3,9,11,62,0.0,1023,15,10,165,5,97401
2014-01-18,14,-2,0.0,9.6,2,81,08:59 PM,09:39 AM,08:42 AM,06:04 PM,-1,3,4,3,7,32,70,0.0,1023,14,10,161,4,97401
2014-01-19,13,-2,0.0,9.6,2,74,09:59 PM,10:06 AM,08:41 AM,06:05 PM,-1,4,4,4,8,11,72,0.0,1021,13,10,157,4,97401
2014-01-20,16,1,0.0,9.7,3,67,10:59 PM,10:33 AM,08:41 AM,06:06 PM,2,5,7,5,13,2,75,0.0,1024,16,10,73,6,97401
2014-01-21,13,-1,0.0,9.7,2,59,12:00 AM,11:00 AM,08:40 AM,06:08 PM,0,3,4,3,9,14,77,0.0,1026,13,9,182,4,97401
2014-01-22,10,-1,0.0,9.7,2,52,No moonrise,11:29 AM,08:39 AM,06:09 PM,0,2,3,2,11,6,81,0.0,1027,10,8,94,6,97401
2014-01-23,13,-0,0.0,9.7,2,45,01:03 AM,12:00 PM,08:38 AM,06:10 PM,-1,1,4,1,22,0,73,0.0,1025,13,10,68,12,97401
2014-01-24,15,-0,0.0,9.8,3,38,02:07 AM,12:35 PM,08:37 AM,06:12 PM,-1,3,5,3,19,0,64,0.0,1026,15,10,91,10,97401
2014-01-25,14,1,0.0,9.8,3,30,03:13 AM,01:18 PM,08:37 AM,06:13 PM,1,5,6,5,11,3,71,0.0,1026,14,10,109,6,97401
2014-01-26,15,0,0.0,9.8,2,23,04:19 AM,02:07 PM,08:36 AM,06:14 PM,1,6,6,6,7,5,72,0.0,1020,15,10,203,3,97401
2014-01-27,12,1,0.0,8.3,3,16,05:23 AM,03:05 PM,08:35 AM,06:16 PM,4,6,6,6,6,66,87,0.0,1021,12,9,238,3,97401
2014-01-28,10,7,0.0,4.9,2,9,06:21 AM,04:12 PM,08:34 AM,06:17 PM,8,8,8,8,11,97,96,2.3,1021,10,4,143,6,97401
2014-01-29,10,6,0.0,4.9,2,1,07:14 AM,05:25 PM,08:33 AM,06:18 PM,8,6,8,6,18,100,98,3.3,1014,10,5,210,11,97401
2014-01-30,8,2,0.0,6.6,2,0,08:00 AM,06:41 PM,08:32 AM,06:20 PM,4,4,5,4,10,89,92,0.0,1016,8,4,205,6,97401
2014-01-31,6,3,0.0,5.0,1,0,08:40 AM,07:57 PM,08:31 AM,06:21 PM,4,2,4,2,12,100,98,0.5,1020,6,1,165,8,97401
2014-02-01,9,-1,0.0,9.9,2,6,09:17 AM,09:12 PM,08:29 AM,06:22 PM,1,3,4,3,9,35,85,0.0,1020,9,7,106,5,97401
2014-02-02,8,-2,0.0,9.9,2,14,09:50 AM,10:25 PM,08:28 AM,06:24 PM,-1,2,3,2,8,58,76,0.1,1014,8,8,201,4,97401
2014-02-03,6,0,0.0,5.0,1,21,10:22 AM,11:35 PM,08:27 AM,06:25 PM,1,2,3,2,7,99,89,0.6,1019,6,5,211,4,97401
2014-02-04,5,-2,0.1,5.0,1,29,10:55 AM,No moonset,08:26 AM,06:27 PM,0,1,2,1,6,94,91,0.3,1023,5,5,196,4,97401
2014-02-05,3,-5,0.0,10.0,2,36,11:29 AM,12:41 AM,08:25 AM,06:28 PM,-6,-4,-1,-4,15,65,69,0.0,1025,3,10,45,10,97401
2014-02-06,4,-4,0.5,5.0,1,44,12:05 PM,01:45 AM,08:24 AM,06:29 PM,-3,-3,-0,-3,12,91,81,2.3,1012,4,7,97,8,97401
2014-02-07,2,-1,1.4,5.0,1,51,12:44 PM,02:45 AM,08:22 AM,06:31 PM,1,-1,1,-1,9,98,99,7.6,1008,2,4,164,5,97401
2014-02-08,8,2,0.0,5.1,1,59,01:28 PM,03:42 AM,08:21 AM,06:32 PM,4,3,4,3,17,100,100,3.3,1010,8,5,117,9,97401
2014-02-09,9,2,0.0,5.1,2,66,02:14 PM,04:32 AM,08:20 AM,06:34 PM,5,5,6,5,10,99,99,0.3,1017,9,1,130,5,97401
2014-02-10,7,3,0.0,5.1,1,74,03:06 PM,05:19 AM,08:18 AM,06:35 PM,5,3,5,3,16,89,98,0.3,1022,7,3,160,8,97401
2014-02-11,10,4,0.0,6.7,2,81,04:00 PM,06:01 AM,08:17 AM,06:36 PM,6,5,7,5,17,95,98,0.8,1020,10,3,167,9,97401
2014-02-12,9,6,0.0,5.1,2,89,04:56 PM,06:38 AM,08:16 AM,06:38 PM,8,6,8,6,19,100,99,4.0,1013,9,3,179,10,97401
2014-02-13,11,7,0.0,8.4,2,97,05:54 PM,07:12 AM,08:14 AM,06:39 PM,8,8,9,8,13,84,95,0.6,1017,11,4,170,8,97401
2014-02-14,10,7,0.0,5.1,2,100,06:52 PM,07:42 AM,08:13 AM,06:40 PM,9,8,9,8,17,100,98,9.5,1013,10,6,195,10,97401
2014-02-15,13,5,0.0,6.8,2,88,07:52 PM,08:10 AM,08:11 AM,06:42 PM,8,7,8,7,16,90,96,1.3,1005,13,3,164,9,97401
2014-02-16,8,2,0.0,8.4,1,81,08:52 PM,08:38 AM,08:10 AM,06:43 PM,4,2,5,2,18,69,97,1.2,1017,8,4,180,11,97401
2014-02-17,7,4,0.0,6.8,2,73,09:53 PM,09:05 AM,08:08 AM,06:45 PM,5,3,6,3,19,88,97,2.7,1015,7,6,181,10,97401
2014-02-18,8,3,0.0,5.2,2,66,10:55 PM,09:34 AM,08:07 AM,06:46 PM,6,4,6,4,19,93,99,4.7,1015,8,6,197,10,97401
2014-02-19,6,1,0.0,5.2,1,58,11:59 PM,10:04 AM,08:05 AM,06:47 PM,3,1,3,1,16,100,99,0.5,1024,6,2,193,10,97401
2014-02-20,5,3,0.0,5.2,1,51,No moonrise,10:37 AM,08:04 AM,06:49 PM,3,1,4,1,15,98,99,1.9,1025,5,4,164,9,97401
2014-02-21,11,-0,0.0,8.4,1,43,01:03 AM,11:16 AM,08:02 AM,06:50 PM,4,5,5,5,6,70,92,0.3,1025,11,5,121,4,97401
2014-02-22,12,-1,0.0,10.5,2,36,02:06 AM,12:01 PM,08:01 AM,06:51 PM,1,4,5,4,10,21,82,0.0,1021,12,7,54,5,97401
2014-02-23,13,-2,0.0,7.0,3,28,03:09 AM,12:53 PM,07:59 AM,06:53 PM,2,5,6,5,10,54,78,1.6,1016,13,9,164,6,97401
2014-02-24,17,7,0.0,10.1,4,20,04:07 AM,01:54 PM,07:57 AM,06:54 PM,9,10,10,10,12,65,89,0.4,1016,17,5,117,6,97401
2014-02-25,18,6,0.0,11.0,4,13,05:01 AM,03:01 PM,07:56 AM,06:55 PM,8,10,11,10,15,21,84,0.0,1014,18,7,48,9,97401
2014-02-26,13,4,0.0,8.6,3,5,05:49 AM,04:13 PM,07:54 AM,06:57 PM,6,7,8,7,14,51,89,1.0,1009,13,8,123,8,97401
2014-02-27,12,7,0.0,8.6,3,0,06:31 AM,05:29 PM,07:53 AM,06:58 PM,8,9,9,9,8,72,91,1.5,1005,12,7,93,5,97401
2014-02-28,16,3,0.0,11.5,3,0,07:09 AM,06:44 PM,07:51 AM,07:00 PM,6,8,9,8,11,29,83,0.0,998,16,6,96,6,97401
2014-03-01,12,4,0.0,5.8,2,0,07:45 AM,07:58 PM,07:49 AM,07:01 PM,8,8,8,8,8,89,95,1.3,1005,12,5,210,5,97401
2014-03-02,11,8,0.0,5.8,2,2,08:18 AM,09:11 PM,07:48 AM,07:02 PM,9,8,9,8,15,96,98,1.1,1009,11,2,168,9,97401
2014-03-03,12,8,0.0,5.8,2,9,08:51 AM,10:21 PM,07:46 AM,07:03 PM,9,9,10,9,15,97,97,3.5,1012,12,3,184,9,97401
2014-03-04,15,8,0.0,8.7,4,16,09:26 AM,11:28 PM,07:44 AM,07:05 PM,9,10,11,10,10,73,91,0.4,1016,15,6,161,6,97401
2014-03-05,14,10,0.0,5.8,3,24,10:02 AM,No moonset,07:42 AM,07:06 PM,10,10,11,10,21,84,95,3.3,1007,14,5,168,11,97401
2014-03-06,9,6,0.0,5.8,2,31,10:41 AM,12:32 AM,07:41 AM,07:07 PM,7,6,8,6,21,77,97,0.0,1012,9,5,193,12,97401
2014-03-07,17,6,0.0,11.6,3,38,11:24 AM,01:31 AM,07:39 AM,07:09 PM,7,9,10,9,10,35,82,0.0,1024,17,8,190,5,97401
2014-03-08,12,5,0.0,7.3,3,46,12:10 PM,02:25 AM,07:37 AM,07:10 PM,6,8,9,8,19,65,84,0.4,1017,12,7,155,10,97401
2014-03-09,13,9,0.0,5.9,3,53,01:00 PM,03:14 AM,07:35 AM,07:11 PM,11,11,11,11,11,100,98,2.0,1015,13,3,226,7,97401
2014-03-10,8,1,0.0,7.3,2,60,01:53 PM,03:58 AM,07:34 AM,07:13 PM,6,4,6,4,13,91,98,3.9,1025,8,4,235,8,97401
2014-03-11,13,-1,0.0,11.6,3,67,02:48 PM,04:36 AM,07:32 AM,07:14 PM,2,4,5,4,12,12,81,0.0,1031,13,7,108,7,97401
2014-03-12,18,1,0.0,11.6,3,75,03:45 PM,05:12 AM,07:30 AM,07:15 PM,2,7,8,7,9,4,68,0.0,1024,18,10,129,5,97401
2014-03-13,17,0,0.0,11.6,3,82,04:43 PM,05:43 AM,07:28 AM,07:16 PM,3,8,8,8,6,27,75,0.0,1019,17,10,193,3,97401
2014-03-14,13,3,0.0,8.8,2,89,05:43 PM,06:12 AM,07:26 AM,07:18 PM,7,7,8,7,12,63,91,0.0,1023,13,5,192,7,97401
2014-03-15,18,4,0.0,11.6,3,96,06:43 PM,06:40 AM,07:25 AM,07:19 PM,4,9,10,9,12,12,73,0.0,1026,18,9,206,7,97401
2014-03-16,17,5,0.0,10.2,2,100,07:45 PM,07:08 AM,07:23 AM,07:20 PM,6,9,10,9,15,61,84,0.0,1021,17,6,234,10,97401
2014-03-17,7,-1,0.0,6.0,1,89,08:47 PM,07:37 AM,07:21 AM,07:21 PM,3,3,4,3,7,84,96,0.7,1027,7,6,252,5,97401
2014-03-18,13,-1,0.0,11.6,3,82,09:51 PM,08:07 AM,07:19 AM,07:23 PM,2,5,6,5,10,6,79,0.0,1025,13,8,140,6,97401
2014-03-19,13,-1,0.0,8.8,3,74,10:55 PM,08:40 AM,07:17 AM,07:24 PM,2,5,6,5,11,42,76,0.0,1022,13,8,213,7,97401
2014-03-20,10,-0,0.0,11.6,2,67,12:00 AM,09:18 AM,07:15 AM,07:25 PM,1,4,5,4,11,41,76,0.0,1026,10,7,110,7,97401
2014-03-21,11,-2,0.0,11.6,2,60,No moonrise,10:00 AM,07:14 AM,07:26 PM,-1,2,4,2,14,8,74,0.0,1024,11,9,190,8,97401
2014-03-22,15,-3,0.0,11.6,2,53,01:02 AM,10:50 AM,07:12 AM,07:28 PM,-1,5,6,5,11,0,66,0.0,1024,15,10,155,7,97401
2014-03-23,18,-2,0.0,11.6,3,45,02:01 AM,11:46 AM,07:10 AM,07:29 PM,1,9,10,9,7,11,59,0.1,1023,18,10,219,5,97401
2014-03-24,11,4,0.0,8.9,2,38,02:55 AM,12:49 PM,07:08 AM,07:30 PM,4,5,7,5,12,73,85,0.5,1017,11,6,190,7,97401
2014-03-25,10,4,0.0,6.1,2,31,03:43 AM,01:57 PM,07:06 AM,07:31 PM,4,5,6,5,13,75,89,0.8,1018,10,6,193,8,97401
2014-03-26,9,5,0.0,6.1,2,24,04:25 AM,03:08 PM,07:04 AM,07:33 PM,5,4,6,4,15,87,95,0.0,1010,9,6,193,9,97401
2014-03-27,9,4,0.0,6.2,2,16,05:04 AM,04:21 PM,07:03 AM,07:34 PM,6,4,6,4,17,100,99,2.9,1010,9,2,181,10,97401
2014-03-28,10,6,0.0,6.2,2,9,05:40 AM,05:34 PM,07:01 AM,07:35 PM,8,6,8,6,18,97,97,6.2,1010,10,5,154,10,97401
2014-03-29,11,5,0.0,6.4,2,2,06:13 AM,06:46 PM,06:59 AM,07:36 PM,6,5,7,5,19,85,92,0.6,1012,11,5,188,11,97401
2014-03-30,10,3,0.0,7.7,2,0,06:47 AM,07:58 PM,06:57 AM,07:37 PM,4,4,6,4,10,80,92,0.3,1016,10,6,175,6,97401
2014-03-31,14,2,0.0,6.4,3,0,07:21 AM,09:07 PM,06:55 AM,07:39 PM,4,5,6,5,11,60,85,0.2,1008,14,7,94,6,97401
2014-04-01,12,1,0.0,7.7,2,5,07:56 AM,10:13 PM,06:53 AM,07:40 PM,2,5,6,5,8,68,79,0.0,1011,12,8,214,5,97401
2014-04-02,14,2,0.0,9.0,3,13,08:35 AM,11:16 PM,06:52 AM,07:41 PM,4,7,7,7,5,58,80,0.1,1017,14,8,247,4,97401
2014-04-03,14,3,0.0,6.5,2,21,09:17 AM,No moonset,06:50 AM,07:42 PM,4,7,8,7,11,70,79,0.0,1016,14,7,195,8,97401
2014-04-04,12,5,0.0,9.0,2,28,10:02 AM,12:13 AM,06:48 AM,07:43 PM,7,7,8,7,10,80,94,1.0,1016,12,4,196,6,97401
2014-04-05,11,6,0.0,6.5,2,36,10:52 AM,01:06 AM,06:46 AM,07:45 PM,8,7,9,7,12,99,96,1.6,1020,11,4,187,8,97401
2014-04-06,15,4,0.0,7.8,2,43,11:44 AM,01:52 AM,06:44 AM,07:46 PM,8,9,9,9,10,92,94,0.4,1025,15,3,209,7,97401
2014-04-07,22,4,0.0,11.6,4,51,12:38 PM,02:33 AM,06:42 AM,07:47 PM,8,13,13,13,7,48,79,0.0,1023,22,5,205,5,97401
2014-04-08,21,5,0.0,11.6,4,58,01:35 PM,03:10 AM,06:41 AM,07:48 PM,9,12,13,12,7,47,82,0.0,1020,21,5,273,4,97401
2014-04-09,16,5,0.0,11.6,4,66,02:33 PM,03:43 AM,06:39 AM,07:49 PM,7,10,11,10,13,58,79,0.1,1021,16,6,142,8,97401
2014-04-10,17,2,0.0,11.6,3,73,03:32 PM,04:13 AM,06:37 AM,07:51 PM,2,9,10,9,14,6,64,0.0,1020,17,10,58,8,97401
2014-04-11,18,4,0.0,10.3,4,81,04:31 PM,04:41 AM,06:35 AM,07:52 PM,5,9,10,9,15,40,74,0.0,1017,18,9,181,9,97401
2014-04-12,16,5,0.0,11.6,3,89,05:32 PM,05:09 AM,06:34 AM,07:53 PM,5,9,10,9,12,25,74,0.0,1017,16,8,181,7,97401
2014-04-13,20,3,0.0,11.6,4,96,06:35 PM,05:38 AM,06:32 AM,07:54 PM,3,10,11,10,15,4,61,0.0,1021,20,10,55,9,97401
2014-04-14,20,3,0.0,11.6,4,100,07:39 PM,06:07 AM,06:30 AM,07:55 PM,5,11,11,11,12,28,69,0.0,1020,20,9,213,7,97401
2014-04-15,15,6,0.0,10.4,3,89,08:44 PM,06:40 AM,06:29 AM,07:57 PM,6,10,10,10,6,70,78,0.1,1023,15,6,280,4,97401
2014-04-16,15,3,0.0,7.9,3,81,09:50 PM,07:16 AM,06:27 AM,07:58 PM,6,9,9,9,7,74,81,0.0,1019,15,8,229,5,97401
2014-04-17,10,7,0.0,6.7,2,74,10:55 PM,07:58 AM,06:25 AM,07:59 PM,9,8,9,8,10,99,97,0.3,1014,10,4,207,6,97401
2014-04-18,17,4,0.0,11.6,3,66,11:56 PM,08:46 AM,06:23 AM,08:00 PM,3,9,9,9,8,37,71,0.0,1017,17,8,164,5,97401
2014-04-19,11,5,0.0,8.1,3,59,No moonrise,09:42 AM,06:22 AM,08:01 PM,5,6,7,6,14,64,88,0.0,1017,11,7,198,8,97401
2014-04-20,19,1,0.0,10.4,3,51,12:52 AM,10:43 AM,06:20 AM,08:03 PM,4,10,10,10,8,45,72,0.0,1023,19,8,216,5,97401
2014-04-21,16,5,0.0,8.1,3,44,01:42 AM,11:49 AM,06:19 AM,08:04 PM,6,9,9,9,7,74,84,2.7,1015,16,7,256,5,97401
2014-04-22,10,5,0.0,8.1,2,36,02:25 AM,12:58 PM,06:17 AM,08:05 PM,6,5,7,5,13,85,93,0.7,1015,10,5,211,9,97401
2014-04-23,10,4,0.0,7.0,2,28,03:04 AM,02:08 PM,06:15 AM,08:06 PM,7,5,7,5,18,100,99,2.6,1014,10,3,164,10,97401
2014-04-24,11,5,0.0,7.0,2,21,03:40 AM,03:19 PM,06:14 AM,08:07 PM,7,7,9,7,16,92,91,3.2,1012,11,7,211,10,97401
2014-04-25,12,0,0.0,9.3,2,13,04:12 AM,04:29 PM,06:12 AM,08:09 PM,4,5,6,5,8,73,89,0.3,1012,12,4,224,5,97401
2014-04-26,13,3,0.0,9.3,2,6,04:45 AM,05:40 PM,06:11 AM,08:10 PM,4,6,7,6,13,71,82,1.3,1011,13,7,177,9,97401
2014-04-27,10,3,0.0,9.3,2,0,05:18 AM,06:48 PM,06:09 AM,08:11 PM,5,4,6,4,15,78,96,0.6,1016,10,4,215,10,97401
2014-04-28,19,-0,0.0,11.6,3,0,05:52 AM,07:55 PM,06:08 AM,08:12 PM,4,9,9,9,8,29,73,0.0,1025,19,8,145,4,97401
2014-04-29,25,2,0.0,11.6,4,0,06:29 AM,09:00 PM,06:06 AM,08:13 PM,6,14,14,14,11,16,64,0.0,1028,25,10,72,7,97401
2014-04-30,28,9,0.0,11.6,5,1,07:09 AM,10:00 PM,06:05 AM,08:15 PM,5,17,17,17,17,20,50,0.0,1022,28,10,77,10,97401
2014-05-01,30,9,0.0,10.5,5,9,07:54 AM,10:55 PM,06:04 AM,08:16 PM,9,18,18,18,11,37,58,0.0,1018,30,10,213,6,97401
2014-05-02,22,6,0.0,9.3,4,16,08:42 AM,11:45 PM,06:02 AM,08:17 PM,10,14,15,14,9,45,80,0.0,1017,22,7,273,7,97401
2014-05-03,15,9,0.0,8.2,3,23,09:34 AM,No moonset,06:01 AM,08:18 PM,9,11,12,11,12,83,86,0.0,1012,15,6,207,9,97401
2014-05-04,12,7,0.0,10.2,3,31,10:28 AM,12:29 AM,05:59 AM,08:19 PM,9,9,10,9,15,90,96,0.0,1012,12,4,202,10,97401
2014-05-05,15,3,0.0,14.5,3,38,11:24 AM,01:08 AM,05:58 AM,08:20 PM,6,9,9,9,8,61,84,0.2,1017,15,6,239,5,97401
2014-05-06,15,1,0.0,10.2,2,45,12:21 PM,01:42 AM,05:57 AM,08:22 PM,6,9,9,9,9,65,79,0.0,1018,15,7,264,6,97401
2014-05-07,18,-2,0.0,14.5,3,52,01:19 PM,02:13 AM,05:55 AM,08:23 PM,4,9,9,9,7,24,74,0.0,1015,18,7,248,4,97401
2014-05-08,12,7,0.0,9.2,2,60,02:18 PM,02:42 AM,05:54 AM,08:24 PM,9,9,9,9,13,98,98,5.7,1010,12,4,183,8,97401
2014-05-09,10,6,0.0,9.2,2,67,03:18 PM,03:10 AM,05:53 AM,08:25 PM,8,6,8,6,19,98,98,0.4,1017,10,6,214,13,97401
2014-05-10,12,4,0.0,9.2,2,74,04:19 PM,03:37 AM,05:52 AM,08:26 PM,7,7,8,7,7,94,95,0.9,1023,12,6,212,4,97401
2014-05-11,19,-0,0.0,14.5,3,81,05:22 PM,04:06 AM,05:51 AM,08:27 PM,5,10,10,10,8,27,73,0.0,1025,19,8,183,5,97401
2014-05-12,26,3,0.0,14.5,4,89,06:27 PM,04:37 AM,05:49 AM,08:29 PM,5,14,14,14,10,12,61,0.0,1024,26,10,138,6,97401
2014-05-13,28,7,0.0,14.5,5,96,07:34 PM,05:12 AM,05:48 AM,08:30 PM,7,17,17,17,11,7,56,0.0,1024,28,10,129,7,97401
2014-05-14,33,9,0.0,14.5,5,100,08:41 PM,05:52 AM,05:47 AM,08:31 PM,9,20,20,20,11,14,56,0.0,1021,33,10,183,6,97401
2014-05-15,27,9,0.0,14.5,5,89,09:45 PM,06:38 AM,05:46 AM,08:32 PM,11,18,18,18,9,18,70,0.0,1018,27,10,245,6,97401
2014-05-16,21,4,0.0,13.5,4,82,10:45 PM,07:32 AM,05:45 AM,08:33 PM,8,13,13,13,9,52,74,0.0,1020,21,7,253,6,97401
2014-05-17,20,4,0.0,13.5,4,75,11:39 PM,08:33 AM,05:44 AM,08:34 PM,8,13,13,13,8,49,76,0.2,1015,20,7,251,5,97401
2014-05-18,13,9,0.0,9.3,3,68,No moonrise,09:40 AM,05:43 AM,08:35 PM,10,10,11,10,10,97,95,1.8,1013,13,7,196,7,97401
2014-05-19,21,8,0.0,12.4,4,60,12:25 AM,10:49 AM,05:42 AM,08:36 PM,9,13,13,13,11,70,80,0.4,1015,21,6,242,7,97401
2014-05-20,21,4,0.0,13.5,4,53,01:06 AM,12:00 PM,05:41 AM,08:37 PM,8,13,13,13,11,65,77,0.0,1019,21,7,253,7,97401
2014-05-21,21,7,0.0,12.4,4,46,01:43 AM,01:11 PM,05:40 AM,08:38 PM,9,14,14,14,10,41,77,0.1,1020,21,6,302,6,97401
2014-05-22,26,6,0.0,14.5,5,39,02:15 AM,02:20 PM,05:39 AM,08:39 PM,11,17,17,17,8,19,72,0.0,1017,26,7,252,5,97401
2014-05-23,20,10,0.0,11.4,3,31,02:47 AM,03:29 PM,05:38 AM,08:40 PM,13,15,15,15,9,74,89,0.9,1019,20,6,255,6,97401
2014-05-24,21,8,0.0,13.5,4,24,03:19 AM,04:36 PM,05:38 AM,08:41 PM,11,15,15,15,8,46,79,0.1,1020,21,6,297,5,97401
2014-05-25,23,6,0.0,13.5,4,17,03:52 AM,05:43 PM,05:37 AM,08:42 PM,10,15,15,15,11,67,75,0.0,1018,23,7,229,8,97401
2014-05-26,20,5,0.0,12.5,4,9,04:27 AM,06:47 PM,05:36 AM,08:43 PM,9,13,14,13,10,53,77,0.3,1020,20,5,261,7,97401
2014-05-27,18,2,0.0,11.5,2,2,05:05 AM,07:49 PM,05:35 AM,08:44 PM,6,10,10,10,7,76,79,0.0,1021,18,6,268,5,97401
2014-05-28,14,1,0.0,12.5,2,0,05:47 AM,08:46 PM,05:35 AM,08:45 PM,7,8,8,8,7,74,91,1.2,1023,14,6,219,4,97401
2014-05-29,20,-1,0.0,14.5,4,0,06:33 AM,09:38 PM,05:34 AM,08:46 PM,5,11,12,11,10,16,72,0.0,1021,20,6,162,7,97401
2014-05-30,23,1,0.0,14.5,4,5,07:24 AM,10:24 PM,05:33 AM,08:47 PM,7,13,13,13,10,14,71,0.0,1015,23,7,279,7,97401
2014-05-31,22,2,0.0,14.5,4,9,08:17 AM,11:05 PM,05:33 AM,08:48 PM,8,13,13,13,8,47,76,0.0,1018,22,6,275,6,97401
2014-06-01,22,5,0.0,13.5,4,20,09:13 AM,11:42 PM,05:32 AM,08:49 PM,9,14,15,14,9,36,76,0.1,1016,22,8,294,6,97401
2014-06-02,24,3,0.0,14.5,4,28,10:10 AM,No moonset,05:32 AM,08:49 PM,9,15,16,15,10,6,71,0.0,1013,24,7,235,7,97401
2014-06-03,21,3,0.0,12.5,4,35,11:08 AM,12:14 AM,05:31 AM,08:50 PM,8,13,13,13,8,42,77,0.1,1017,21,7,302,5,97401
2014-06-04,23,2,0.0,14.5,4,43,12:06 PM,12:43 AM,05:31 AM,08:51 PM,7,14,14,14,11,2,68,0.0,1019,23,8,268,7,97401
2014-06-05,24,6,0.0,14.5,4,50,01:05 PM,01:11 AM,05:31 AM,08:52 PM,6,14,15,14,13,3,64,0.0,1018,24,8,270,9,97401
2014-06-06,25,3,0.0,14.5,4,58,02:04 PM,01:39 AM,05:30 AM,08:52 PM,6,15,15,15,13,12,62,0.0,1018,25,8,227,8,97401
2014-06-07,24,7,0.0,14.5,5,65,03:06 PM,02:06 AM,05:30 AM,08:53 PM,10,15,16,15,15,17,71,0.0,1020,24,7,181,9,97401
2014-06-08,26,9,0.0,14.5,5,73,04:09 PM,02:35 AM,05:30 AM,08:54 PM,11,17,18,17,12,18,71,0.0,1020,26,7,222,8,97401
2014-06-09,23,9,0.0,13.5,5,81,05:14 PM,03:08 AM,05:29 AM,08:54 PM,10,16,16,16,14,38,72,0.1,1018,23,8,260,9,97401
2014-06-10,23,5,0.0,14.5,4,88,06:21 PM,03:44 AM,05:29 AM,08:55 PM,7,15,15,15,11,4,67,0.0,1019,23,7,266,7,97401
2014-06-11,25,6,0.0,14.5,5,96,07:27 PM,04:27 AM,05:29 AM,08:55 PM,9,16,16,16,11,20,70,0.0,1014,25,7,232,7,97401
2014-06-12,18,10,0.0,10.5,3,100,08:30 PM,05:18 AM,05:29 AM,08:56 PM,10,12,13,12,15,80,84,0.2,1013,18,5,224,11,97401
2014-06-13,13,8,0.0,9.5,3,89,09:29 PM,06:16 AM,05:29 AM,08:56 PM,11,10,11,10,13,93,96,1.2,1019,13,5,227,8,97401
2014-06-14,19,6,0.0,13.5,4,82,10:20 PM,07:23 AM,05:29 AM,08:57 PM,8,13,13,13,6,65,75,0.0,1019,19,7,279,4,97401
2014-06-15,18,6,0.0,10.5,3,74,11:05 PM,08:33 AM,05:29 AM,08:57 PM,9,12,12,12,10,83,82,0.0,1014,18,7,255,7,97401
2014-06-16,14,1,0.0,11.5,3,67,11:44 PM,09:47 AM,05:29 AM,08:58 PM,9,10,10,10,7,82,91,1.4,1016,14,6,261,5,97401
2014-06-17,18,3,0.0,9.6,3,59,No moonrise,10:59 AM,05:29 AM,08:58 PM,8,11,11,11,7,83,85,0.2,1020,18,6,235,5,97401
2014-06-18,23,6,0.0,14.5,4,52,12:19 AM,12:11 PM,05:29 AM,08:58 PM,9,15,16,15,7,39,70,0.0,1018,23,7,265,4,97401
2014-06-19,25,3,0.0,14.5,4,44,12:51 AM,01:21 PM,05:29 AM,08:59 PM,8,15,16,15,10,16,68,0.0,1017,25,7,239,7,97401
2014-06-20,21,7,0.0,11.5,3,36,01:24 AM,02:29 PM,05:29 AM,08:59 PM,10,13,13,13,9,67,82,0.2,1020,21,7,300,5,97401
2014-06-21,23,3,0.0,14.5,4,29,01:56 AM,03:35 PM,05:29 AM,08:59 PM,6,13,14,13,10,16,68,0.0,1017,23,8,243,6,97401
2014-06-22,26,4,0.0,14.5,5,21,02:29 AM,04:39 PM,05:30 AM,08:59 PM,8,16,16,16,7,16,67,0.0,1016,26,9,310,5,97401
2014-06-23,25,6,0.0,13.5,5,14,03:06 AM,05:41 PM,05:30 AM,08:59 PM,10,17,17,17,9,49,70,0.0,1017,25,8,260,6,97401
2014-06-24,24,5,0.0,15.7,5,6,03:46 AM,06:39 PM,05:30 AM,09:00 PM,11,16,16,16,6,61,76,0.5,1018,24,6,270,4,97401
2014-06-25,19,9,0.0,13.6,5,0,04:29 AM,07:33 PM,05:31 AM,09:00 PM,14,16,16,16,6,80,90,1.7,1013,19,5,158,4,97401
2014-06-26,16,13,0.0,11.8,3,0,05:18 AM,08:21 PM,05:31 AM,09:00 PM,14,15,15,15,8,98,98,0.5,1012,16,2,210,6,97401
2014-06-27,16,13,0.0,11.8,3,0,06:10 AM,09:04 PM,05:31 AM,09:00 PM,14,14,14,14,13,100,98,1.2,1012,16,2,203,8,97401
2014-06-28,21,12,0.0,14.6,5,1,07:05 AM,09:42 PM,05:32 AM,09:00 PM,12,16,16,16,12,72,83,0.2,1017,21,6,220,8,97401
2014-06-29,22,8,0.0,13.5,5,9,08:01 AM,10:15 PM,05:32 AM,08:59 PM,11,16,17,16,9,45,74,0.0,1021,22,7,255,6,97401
2014-06-30,30,8,0.0,14.5,5,16,08:58 AM,10:46 PM,05:33 AM,08:59 PM,11,19,19,19,12,16,66,0.0,1017,30,8,187,8,97401
2014-07-01,34,10,0.0,14.5,6,23,09:56 AM,11:15 PM,05:33 AM,08:59 PM,12,22,22,22,12,4,59,0.0,1011,34,9,195,8,97401
2014-07-02,25,11,0.0,13.5,5,30,10:54 AM,11:42 PM,05:34 AM,08:59 PM,13,17,18,17,10,33,81,0.7,1015,25,7,277,7,97401
2014-07-03,23,9,0.0,12.5,5,37,11:53 AM,No moonset,05:34 AM,08:59 PM,12,17,17,17,9,59,79,0.1,1017,23,6,308,6,97401
2014-07-04,25,12,0.0,14.5,5,45,12:52 PM,12:08 AM,05:35 AM,08:58 PM,12,18,18,18,9,43,71,0.0,1016,25,8,298,6,97401
2014-07-05,29,8,0.0,14.5,5,52,01:53 PM,12:36 AM,05:36 AM,08:58 PM,11,19,19,19,8,12,65,0.0,1019,29,8,268,5,97401
2014-07-06,29,7,0.0,14.5,5,59,02:56 PM,01:06 AM,05:36 AM,08:58 PM,13,20,20,20,9,1,68,0.0,1020,29,7,316,6,97401
2014-07-07,30,12,0.0,14.5,6,66,04:01 PM,01:40 AM,05:37 AM,08:57 PM,15,21,22,21,11,26,73,0.0,1017,30,8,326,7,97401
2014-07-08,29,14,0.0,14.5,6,74,05:06 PM,02:18 AM,05:38 AM,08:57 PM,15,21,21,21,11,48,73,0.0,1015,29,8,327,6,97401
2014-07-09,29,11,0.0,14.5,5,81,06:11 PM,03:04 AM,05:39 AM,08:56 PM,12,20,20,20,10,2,65,0.0,1015,29,8,333,7,97401
2014-07-10,29,8,0.0,14.5,5,88,07:12 PM,03:58 AM,05:39 AM,08:56 PM,11,20,20,20,9,0,64,0.0,1013,29,8,282,5,97401
2014-07-11,27,8,0.0,14.5,5,96,08:07 PM,05:01 AM,05:40 AM,08:55 PM,13,19,20,19,7,22,73,0.0,1015,27,8,266,5,97401
2014-07-12,30,10,0.0,14.5,6,100,08:56 PM,06:10 AM,05:41 AM,08:55 PM,14,21,21,21,9,27,72,0.0,1019,30,7,276,6,97401
2014-07-13,19,13,0.0,9.5,4,90,09:40 PM,07:24 AM,05:42 AM,08:54 PM,15,16,16,16,9,81,94,0.6,1020,19,5,263,6,97401
2014-07-14,30,12,0.0,13.5,6,83,10:18 PM,08:39 AM,05:43 AM,08:54 PM,14,20,21,20,10,38,74,0.1,1019,30,6,330,7,97401
2014-07-15,33,10,0.0,14.5,6,75,10:53 PM,09:54 AM,05:43 AM,08:53 PM,14,22,22,22,10,0,66,0.0,1016,33,9,239,7,97401
2014-07-16,31,12,0.0,14.5,6,68,11:26 PM,11:07 AM,05:44 AM,08:52 PM,15,22,23,22,9,1,69,0.0,1015,31,7,279,6,97401
2014-07-17,28,9,0.0,14.5,5,61,11:59 PM,12:18 PM,05:45 AM,08:51 PM,10,19,18,19,9,29,67,0.0,1017,28,8,308,6,97401
2014-07-18,27,7,0.0,14.5,5,54,No moonrise,01:27 PM,05:46 AM,08:51 PM,9,18,19,18,10,3,61,0.0,1018,27,10,216,7,97401
2014-07-19,31,11,0.0,14.5,6,46,12:32 AM,02:32 PM,05:47 AM,08:50 PM,14,21,21,21,9,2,67,0.0,1017,31,9,201,6,97401
2014-07-20,24,10,0.0,12.5,5,39,01:08 AM,03:35 PM,05:48 AM,08:49 PM,13,18,18,18,9,52,76,0.0,1015,24,7,285,6,97401
2014-07-21,22,7,0.0,11.4,3,32,01:47 AM,04:34 PM,05:49 AM,08:48 PM,11,15,15,15,7,70,82,1.3,1016,22,6,230,4,97401
2014-07-22,23,10,0.0,10.4,3,24,02:29 AM,05:29 PM,05:50 AM,08:47 PM,12,15,15,15,7,71,87,0.3,1017,23,5,246,4,97401
2014-07-23,15,10,0.0,10.4,3,17,03:15 AM,06:18 PM,05:51 AM,08:46 PM,12,13,13,13,12,83,95,1.3,1020,15,6,206,7,97401
2014-07-24,22,10,0.0,13.5,5,10,04:05 AM,07:03 PM,05:52 AM,08:45 PM,11,15,16,15,13,46,79,0.0,1023,22,9,224,9,97401
2014-07-25,25,8,0.0,14.5,5,3,04:59 AM,07:43 PM,05:53 AM,08:44 PM,11,17,17,17,10,15,72,0.0,1019,25,8,250,7,97401
2014-07-26,28,6,0.0,14.5,5,0,05:55 AM,08:17 PM,05:54 AM,08:43 PM,11,19,18,19,10,13,67,0.0,1019,28,8,298,6,97401
2014-07-27,30,10,0.0,13.5,5,0,06:51 AM,08:49 PM,05:55 AM,08:42 PM,13,20,21,20,11,26,69,0.0,1018,30,9,253,6,97401
2014-07-28,33,11,0.0,14.5,6,4,07:49 AM,09:19 PM,05:56 AM,08:41 PM,15,23,23,23,10,1,67,0.0,1018,33,9,284,6,97401
2014-07-29,32,11,0.0,14.5,6,12,08:47 AM,09:46 PM,05:57 AM,08:40 PM,14,22,22,22,11,0,67,0.0,1019,32,7,267,7,97401
2014-07-30,31,11,0.0,14.5,6,19,09:45 AM,10:13 PM,05:58 AM,08:38 PM,13,21,21,21,10,26,67,0.0,1018,31,8,327,6,97401
2014-07-31,31,11,0.0,14.5,6,23,10:43 AM,10:40 PM,05:59 AM,08:37 PM,14,21,21,21,9,5,69,0.0,1017,31,9,317,6,97401
2014-08-01,31,12,0.0,14.4,6,33,11:43 AM,11:09 PM,06:00 AM,08:36 PM,15,21,22,21,9,6,71,0.0,1015,31,8,290,6,97401
2014-08-02,29,11,0.0,11.6,5,41,12:44 PM,11:40 PM,06:01 AM,08:35 PM,13,20,20,20,9,16,71,0.0,1016,29,7,278,6,97401
2014-08-03,31,10,0.0,11.6,5,48,01:46 PM,No moonset,06:03 AM,08:33 PM,14,21,21,21,9,13,71,0.0,1015,31,7,313,6,97401
2014-08-04,31,12,0.0,11.6,6,55,02:49 PM,12:15 AM,06:04 AM,08:32 PM,15,22,22,22,10,16,70,0.0,1015,31,8,275,6,97401
2014-08-05,29,11,0.0,11.6,5,63,03:53 PM,12:56 AM,06:05 AM,08:31 PM,11,19,19,19,10,29,67,0.0,1018,29,8,281,6,97401
2014-08-06,28,8,0.0,11.6,5,70,04:54 PM,01:45 AM,06:06 AM,08:29 PM,12,19,19,19,9,13,70,0.0,1019,28,8,277,6,97401
2014-08-07,27,9,0.0,11.6,5,77,05:51 PM,02:41 AM,06:07 AM,08:28 PM,12,18,18,18,9,31,70,0.0,1018,27,8,311,6,97401
2014-08-08,26,7,0.0,11.6,5,84,06:43 PM,03:46 AM,06:08 AM,08:27 PM,9,18,17,18,9,2,65,0.0,1018,26,8,333,6,97401
2014-08-09,28,7,0.0,11.6,5,92,07:30 PM,04:57 AM,06:09 AM,08:25 PM,10,19,18,19,11,3,65,0.0,1018,28,9,253,7,97401
2014-08-10,33,11,0.0,11.6,6,99,08:11 PM,06:12 AM,06:10 AM,08:24 PM,13,22,22,22,11,3,63,0.0,1016,33,10,191,8,97401
2014-08-11,35,13,0.0,11.6,6,100,08:49 PM,07:29 AM,06:11 AM,08:22 PM,15,23,23,23,10,8,66,0.0,1013,35,10,210,6,97401
2014-08-12,26,13,0.0,9.3,4,87,09:24 PM,08:44 AM,06:12 AM,08:21 PM,16,19,19,19,8,78,88,2.3,1013,26,6,234,5,97401
2014-08-13,25,14,0.0,10.5,5,79,09:58 PM,09:59 AM,06:14 AM,08:19 PM,14,19,19,19,6,68,79,0.0,1016,25,7,210,4,97401
2014-08-14,22,11,0.0,8.2,4,72,10:32 PM,11:11 AM,06:15 AM,08:18 PM,14,17,17,17,7,84,86,0.1,1016,22,5,232,5,97401
2014-08-15,25,12,0.0,11.6,5,65,11:09 PM,12:19 PM,06:16 AM,08:16 PM,14,18,19,18,8,61,80,0.1,1017,25,6,263,5,97401
2014-08-16,29,9,0.0,11.6,5,57,11:47 PM,01:25 PM,06:17 AM,08:15 PM,14,20,20,20,8,31,74,0.0,1018,29,7,278,5,97401
2014-08-17,30,11,0.0,11.6,6,50,No moonrise,02:26 PM,06:18 AM,08:13 PM,15,21,22,21,10,14,72,0.0,1017,30,8,252,7,97401
2014-08-18,30,11,0.0,11.6,6,43,12:28 AM,03:24 PM,06:19 AM,08:12 PM,14,21,21,21,9,2,69,0.0,1013,30,8,274,6,97401
2014-08-19,27,13,0.0,11.6,5,36,01:14 AM,04:15 PM,06:20 AM,08:10 PM,15,20,20,20,10,43,76,0.0,1011,27,7,270,6,97401
2014-08-20,24,10,0.0,9.3,4,28,02:03 AM,05:01 PM,06:22 AM,08:08 PM,13,17,17,17,8,65,83,0.4,1015,24,6,270,5,97401
2014-08-21,26,7,0.0,11.6,5,21,02:55 AM,05:43 PM,06:23 AM,08:07 PM,10,17,17,17,7,46,69,0.0,1016,26,8,277,4,97401
2014-08-22,25,11,0.0,11.6,5,14,03:50 AM,06:19 PM,06:24 AM,08:05 PM,12,18,18,18,9,32,70,0.3,1017,25,8,305,6,97401
2014-08-23,29,9,0.0,11.6,5,7,04:46 AM,06:52 PM,06:25 AM,08:04 PM,9,19,19,19,13,6,58,0.0,1018,29,10,199,8,97401
2014-08-24,27,10,0.0,11.6,5,0,05:43 AM,07:22 PM,06:26 AM,08:02 PM,11,19,18,19,9,6,66,0.0,1014,27,9,212,6,97401
2014-08-25,30,10,0.0,11.6,5,0,06:41 AM,07:50 PM,06:27 AM,08:00 PM,9,20,19,20,11,5,59,0.0,1014,30,8,104,7,97401
2014-08-26,32,11,0.0,11.6,6,1,07:39 AM,08:17 PM,06:28 AM,07:59 PM,11,21,21,21,9,3,59,0.0,1016,32,10,213,6,97401
2014-08-27,31,11,0.0,11.6,5,8,08:37 AM,08:45 PM,06:30 AM,07:57 PM,14,21,21,21,8,2,71,0.0,1017,31,9,274,5,97401
2014-08-28,28,11,0.0,11.6,5,15,09:37 AM,09:13 PM,06:31 AM,07:55 PM,13,19,19,19,8,5,73,0.0,1018,28,7,262,5,97401
2014-08-29,24,10,0.0,11.6,5,22,10:37 AM,09:43 PM,06:32 AM,07:53 PM,12,16,16,16,8,58,79,0.0,1016,24,6,263,6,97401
2014-08-30,17,11,0.0,6.6,3,30,11:38 AM,10:16 PM,06:33 AM,07:52 PM,13,13,13,13,10,99,97,0.5,1016,17,2,205,6,97401
2014-08-31,23,8,0.0,10.3,5,33,12:39 PM,10:55 PM,06:34 AM,07:50 PM,12,15,16,15,7,47,82,0.0,1018,23,6,266,5,97401
2014-09-01,26,6,0.0,11.6,5,46,01:41 PM,11:39 PM,06:35 AM,07:48 PM,10,17,17,17,7,4,71,0.0,1017,26,8,227,5,97401
2014-09-02,24,8,0.0,11.6,5,53,02:41 PM,No moonset,06:36 AM,07:46 PM,12,16,17,16,10,40,78,0.0,1014,24,7,226,6,97401
2014-09-03,22,8,0.0,11.6,4,61,03:38 PM,12:30 AM,06:38 AM,07:45 PM,8,15,16,15,9,35,69,0.0,1018,22,8,220,6,97401
2014-09-04,28,7,0.0,11.6,5,68,04:31 PM,01:29 AM,06:39 AM,07:43 PM,6,17,17,17,15,0,54,0.0,1015,28,10,79,9,97401
2014-09-05,32,8,0.0,11.6,6,76,05:19 PM,02:34 AM,06:40 AM,07:41 PM,6,20,20,20,15,0,47,0.0,1015,32,10,70,9,97401
2014-09-06,31,10,0.0,11.6,5,84,06:02 PM,03:46 AM,06:41 AM,07:39 PM,7,20,19,20,11,0,52,0.0,1013,31,10,211,7,97401
2014-09-07,27,8,0.0,11.6,5,91,06:41 PM,05:01 AM,06:42 AM,07:37 PM,12,18,18,18,7,0,73,0.0,1012,27,8,283,5,97401
2014-09-08,26,7,0.0,10.3,5,99,07:18 PM,06:16 AM,06:43 AM,07:36 PM,9,16,16,16,8,47,70,0.0,1013,26,7,318,5,97401
2014-09-09,22,8,0.0,10.3,5,100,07:53 PM,07:32 AM,06:45 AM,07:34 PM,11,16,16,16,7,50,77,0.3,1019,22,8,319,5,97401
2014-09-10,26,7,0.0,11.6,5,86,08:28 PM,08:47 AM,06:46 AM,07:32 PM,8,16,17,16,11,0,61,0.0,1019,26,10,141,7,97401
2014-09-11,27,10,0.0,11.6,5,79,09:05 PM,09:59 AM,06:47 AM,07:30 PM,2,16,16,16,20,0,43,0.0,1018,27,10,63,12,97401
2014-09-12,27,8,0.0,11.6,5,71,09:43 PM,11:08 AM,06:48 AM,07:28 PM,2,20,19,20,10,10,36,0.0,1013,27,9,211,6,97401
2014-09-13,26,9,0.0,11.6,5,64,10:25 PM,12:13 PM,06:49 AM,07:26 PM,8,16,17,16,9,33,65,0.0,1015,26,9,238,6,97401
2014-09-14,32,7,0.0,11.6,5,56,11:10 PM,01:14 PM,06:50 AM,07:25 PM,7,19,18,19,7,0,57,0.0,1011,32,10,194,5,97401
2014-09-15,27,9,0.0,11.6,5,48,11:58 PM,02:08 PM,06:51 AM,07:23 PM,10,19,18,19,8,16,62,0.2,1011,27,9,213,5,97401
2014-09-16,24,10,0.0,10.3,5,41,No moonrise,02:57 PM,06:53 AM,07:21 PM,13,16,17,16,8,57,83,0.1,1012,24,7,249,5,97401
2014-09-17,22,10,0.0,10.3,5,33,12:50 AM,03:41 PM,06:54 AM,07:19 PM,13,16,16,16,8,48,84,0.0,1007,22,7,206,5,97401
2014-09-18,19,10,0.0,7.6,3,26,01:44 AM,04:19 PM,06:55 AM,07:17 PM,13,15,15,15,4,72,88,0.3,1011,19,6,119,3,97401
2014-09-19,26,8,0.0,11.6,5,18,02:39 AM,04:53 PM,06:56 AM,07:15 PM,12,18,18,18,8,32,75,0.0,1017,26,9,199,5,97401
2014-09-20,35,12,0.0,11.6,6,11,03:36 AM,05:24 PM,06:57 AM,07:13 PM,12,22,21,22,11,0,63,0.0,1013,35,10,156,6,97401
2014-09-21,28,11,0.0,11.6,5,3,04:33 AM,05:53 PM,06:58 AM,07:11 PM,13,19,19,19,8,15,75,0.0,1013,28,8,255,5,97401
2014-09-22,24,11,0.0,10.2,5,0,05:32 AM,06:21 PM,07:00 AM,07:10 PM,13,16,17,16,7,68,81,0.0,1015,24,6,244,5,97401
2014-09-23,25,12,0.0,10.2,5,0,06:30 AM,06:48 PM,07:01 AM,07:08 PM,14,18,18,18,9,57,81,0.0,1010,25,9,193,5,97401
2014-09-24,16,12,0.0,6.0,3,0,07:30 AM,07:17 PM,07:02 AM,07:06 PM,15,15,15,15,8,97,97,9.3,1011,16,3,158,5,97401
